INSERT INTO KhungGioKham (GioBatDau, GioKetThuc, TenKhung, MaxSlot) VALUES
('07:00', '07:30', N'Sáng 1', 5),
('07:30', '08:00', N'Sáng 2', 5),
('08:00', '08:30', N'Sáng 3', 5),
('08:30', '09:00', N'Sáng 4', 5),
('09:00', '09:30', N'Sáng 5', 5),
('09:30', '10:00', N'Sáng 6', 5),
('13:00', '13:30', N'Chiều 1', 5),
('13:30', '14:00', N'Chiều 2', 5),
('14:00', '14:30', N'Chiều 3', 5),
('14:30', '15:00', N'Chiều 4', 5),
('15:00', '15:30', N'Chiều 5', 5),
('15:30', '16:00', N'Chiều 6', 5);
GO


INSERT INTO NgayNghiNhanVien (NhanVienID, Ngay, LyDo) VALUES
(1, '2025-01-08', N'Nghỉ hàng tuần'),
(2, '2025-01-10', N'Nghỉ hàng tuần'),
(3, '2025-01-07', N'Nghỉ hàng tuần'),
(4, '2025-01-09', N'Nghỉ hàng tuần'),

(5, '2025-01-06', N'Nghỉ hàng tuần'),
(6, '2025-01-07', N'Nghỉ hàng tuần'),
(7, '2025-01-10', N'Nghỉ hàng tuần'),

(8, '2025-01-06', N'Nghỉ hàng tuần'),
(9, '2025-01-09', N'Nghỉ hàng tuần'),
(10, '2025-01-11', N'Nghỉ hàng tuần'),

(11, '2025-01-08', N'Nghỉ hàng tuần'),
(12, '2025-01-12', N'Nghỉ hàng tuần');
GO
-- ================================
-- LỊCH LÀM VIỆC TUẦN HOÀN CHỈNH
-- ================================

-- THỨ 2 (2025-01-06) - Nghỉ: NV5, NV8
INSERT INTO LichLamViecNhanVien (NhanVienID, PhongChucNangID, Ngay, CaLamViec) VALUES
(1,1,'2025-01-06',1),
(2,1,'2025-01-06',2),
(3,1,'2025-01-06',1),
(4,1,'2025-01-06',2),
(6,1,'2025-01-06',1),
(7,1,'2025-01-06',2),
(9,1,'2025-01-06',1),
(10,1,'2025-01-06',2),
(11,1,'2025-01-06',1),
(12,1,'2025-01-06',2);

-- THỨ 3 (2025-01-07) - Nghỉ: NV3, NV6
INSERT INTO LichLamViecNhanVien VALUES
(1,1,'2025-01-07',1),
(2,1,'2025-01-07',2),
(4,1,'2025-01-07',1),
(5,1,'2025-01-07',2),
(7,1,'2025-01-07',1),
(8,1,'2025-01-07',2),
(9,1,'2025-01-07',1),
(10,1,'2025-01-07',2),
(11,1,'2025-01-07',1),
(12,1,'2025-01-07',2);

-- THỨ 4 (2025-01-08) - Nghỉ: NV1, NV11
INSERT INTO LichLamViecNhanVien VALUES
(2,1,'2025-01-08',1),
(3,1,'2025-01-08',2),
(4,1,'2025-01-08',1),
(5,1,'2025-01-08',2),
(6,1,'2025-01-08',1),
(7,1,'2025-01-08',2),
(8,1,'2025-01-08',1),
(9,1,'2025-01-08',2),
(10,1,'2025-01-08',1),
(12,1,'2025-01-08',2);

-- THỨ 5 (2025-01-09) - Nghỉ: NV4, NV9
INSERT INTO LichLamViecNhanVien VALUES
(1,1,'2025-01-09',1),
(2,1,'2025-01-09',2),
(3,1,'2025-01-09',1),
(5,1,'2025-01-09',2),
(6,1,'2025-01-09',1),
(7,1,'2025-01-09',2),
(8,1,'2025-01-09',1),
(10,1,'2025-01-09',2),
(11,1,'2025-01-09',1),
(12,1,'2025-01-09',2);

-- THỨ 6 (2025-01-10) - Nghỉ: NV2, NV7
INSERT INTO LichLamViecNhanVien VALUES
(1,1,'2025-01-10',1),
(3,1,'2025-01-10',2),
(4,1,'2025-01-10',1),
(5,1,'2025-01-10',2),
(6,1,'2025-01-10',1),
(8,1,'2025-01-10',2),
(9,1,'2025-01-10',1),
(10,1,'2025-01-10',2),
(11,1,'2025-01-10',1),
(12,1,'2025-01-10',2);

-- THỨ 7 (2025-01-11) - Nghỉ: NV10
INSERT INTO LichLamViecNhanVien VALUES
(1,1,'2025-01-11',1),
(2,1,'2025-01-11',2),
(3,1,'2025-01-11',1),
(4,1,'2025-01-11',2),
(5,1,'2025-01-11',1),
(6,1,'2025-01-11',2),
(7,1,'2025-01-11',1),
(8,1,'2025-01-11',2),
(9,1,'2025-01-11',1),
(11,1,'2025-01-11',2),
(12,1,'2025-01-11',1);

-- CHỦ NHẬT (2025-01-12) - Nghỉ: NV12
INSERT INTO LichLamViecNhanVien VALUES
(1,1,'2025-01-12',1),
(2,1,'2025-01-12',2),
(3,1,'2025-01-12',1),
(4,1,'2025-01-12',2),
(5,1,'2025-01-12',1),
(6,1,'2025-01-12',2),
(7,1,'2025-01-12',1),
(8,1,'2025-01-12',2),
(9,1,'2025-01-12',1),
(10,1,'2025-01-12',2),
(11,1,'2025-01-12',1);
	